Workbook

Sheet 01_SQL_Result
A1: customer_id | B1: first_name | C1: last_name | D1: city | E1: credit_score | F1: total_transactions | G1: total_transaction_volume | H1: avg_transaction_amount
A2: CUSEPV1YW0Y2JL9 | B2: Joseph | C2: Martinez | D2: North Alexander | E2: 524 | F2: 86 | G2: 448129.25 | H2: 5210.81
A3: CUSKHXM7VPMNF2X | B3: Erika | C3: Fischer | D3: North Deborahtown | E3: 703 | F3: 78 | G3: 399596.41 | H3: 5123.03
A4: CUSNEYFKGVXHFTU | B4: Lisa | C4: Silva | D4: North Jessicaburgh | E4: 547 | F4: 71 | G4: 381630.08 | H4: 5375.07
A5: CUS50SZY6T73XEG | B5: Emma | C5: Franklin | D5: Lake Lisa | E5: 335 | F5: 73 | G5: 369434.86 | H5: 5060.75
A6: CUS8NO7NQOTSVFK | B6: James | C6: Bryant | D6: Lake Donnastad | E6: 594 | F6: 76 | G6: 366989.68 | H6: 4828.81
A7: CUS4DVVVZPFNEOM | B7: Sandra | C7: Terry | D7: West Anthony | E7: 532 | F7: 68 | G7: 366914.87 | H7: 5395.81
A8: CUS7CSZSWOVN7GL | B8: Keith | C8: Bautista | D8: West Tomhaven | E8: 508 | F8: 68 | G8: 366292.52 | H8: 5386.65
A9: CUS6KT8NOMTTU2B | B9: Bobby | C9: Wagner | D9: West Kaitlyn | E9: 812 | F9: 64 | G9: 359580.48 | H9: 5618.45
A10: CUSN2LWQV1UR1PY | B10: Jeanette | C10: Jenkins | D10: South Laura | E10: 649 | F10: 68 | G10: 359371.49 | H10: 5284.87
A11: CUS5D7V6KLPGXD9 | B11: Allison | C11: Marsh | D11: Williamsonmouth | E11: 319 | F11: 70 | G11: 356854.03 | H11: 5097.91

Sheet 02_Data_Preparation
A1: customer_id | B1: customer_name | C1: city | D1: credit_score | E1: credit_score_category | F1: total_transactions | G1: total_transaction_volume | H1: avg_transaction_amount | I1: first_name | J1: last_name | K1: customer_segment
A2: CUSEPV1YW0Y2JL9 | B2: =I2&" "&J2 -> Joseph Martinez | C2: North Alexander | D2: 524 | E2: =IF(D2<500,"Low", IF(D2<700,"Medium", "High")) -> Medium | F2: 86 | G2: 448129.25 | H2: 5210.81 | I2: Joseph | J2: Martinez | K2: =IF(G2>400000,"VIP", IF(G2>370000,"Premium", "Standard")) -> VIP
A3: CUSKHXM7VPMNF2X | B3: =I3&" "&J3 -> Erika Fischer | C3: North Deborahtown | D3: 703 | E3: =IF(D3<500,"Low", IF(D3<700,"Medium", "High")) -> High | F3: 78 | G3: 399596.41 | H3: 5123.03 | I3: Erika | J3: Fischer | K3: =IF(G3>400000,"VIP", IF(G3>370000,"Premium", "Standard")) -> Premium
A4: CUSNEYFKGVXHFTU | B4: =I4&" "&J4 -> Lisa Silva | C4: North Jessicaburgh | D4: 547 | E4: =IF(D4<500,"Low", IF(D4<700,"Medium", "High")) -> Medium | F4: 71 | G4: 381630.08 | H4: 5375.07 | I4: Lisa | J4: Silva | K4: =IF(G4>400000,"VIP", IF(G4>370000,"Premium", "Standard")) -> Premium
A5: CUS50SZY6T73XEG | B5: =I5&" "&J5 -> Emma Franklin | C5: Lake Lisa | D5: 335 | E5: =IF(D5<500,"Low", IF(D5<700,"Medium", "High")) -> Low | F5: 73 | G5: 369434.86 | H5: 5060.75 | I5: Emma | J5: Franklin | K5: =IF(G5>400000,"VIP", IF(G5>370000,"Premium", "Standard")) -> Standard
A6: CUS8NO7NQOTSVFK | B6: =I6&" "&J6 -> James Bryant | C6: Lake Donnastad | D6: 594 | E6: =IF(D6<500,"Low", IF(D6<700,"Medium", "High")) -> Medium | F6: 76 | G6: 366989.68 | H6: 4828.81 | I6: James | J6: Bryant | K6: =IF(G6>400000,"VIP", IF(G6>370000,"Premium", "Standard")) -> Standard
A7: CUS4DVVVZPFNEOM | B7: =I7&" "&J7 -> Sandra Terry | C7: West Anthony | D7: 532 | E7: =IF(D7<500,"Low", IF(D7<700,"Medium", "High")) -> Medium | F7: 68 | G7: 366914.87 | H7: 5395.81 | I7: Sandra | J7: Terry | K7: =IF(G7>400000,"VIP", IF(G7>370000,"Premium", "Standard")) -> Standard
A8: CUS7CSZSWOVN7GL | B8: =I8&" "&J8 -> Keith Bautista | C8: West Tomhaven | D8: 508 | E8: =IF(D8<500,"Low", IF(D8<700,"Medium", "High")) -> Medium | F8: 68 | G8: 366292.52 | H8: 5386.65 | I8: Keith | J8: Bautista | K8: =IF(G8>400000,"VIP", IF(G8>370000,"Premium", "Standard")) -> Standard
A9: CUS6KT8NOMTTU2B | B9: =I9&" "&J9 -> Bobby Wagner | C9: West Kaitlyn | D9: 812 | E9: =IF(D9<500,"Low", IF(D9<700,"Medium", "High")) -> High | F9: 64 | G9: 359580.48 | H9: 5618.45 | I9: Bobby | J9: Wagner | K9: =IF(G9>400000,"VIP", IF(G9>370000,"Premium", "Standard")) -> Standard
A10: CUSN2LWQV1UR1PY | B10: =I10&" "&J10 -> Jeanette Jenkins | C10: South Laura | D10: 649 | E10: =IF(D10<500,"Low", IF(D10<700,"Medium", "High")) -> Medium | F10: 68 | G10: 359371.49 | H10: 5284.87 | I10: Jeanette | J10: Jenkins | K10: =IF(G10>400000,"VIP", IF(G10>370000,"Premium", "Standard")) -> Standard
A11: CUS5D7V6KLPGXD9 | B11: =I11&" "&J11 -> Allison Marsh | C11: Williamsonmouth | D11: 319 | E11: =IF(D11<500,"Low", IF(D11<700,"Medium", "High")) -> Low | F11: 70 | G11: 356854.03 | H11: 5097.91 | I11: Allison | J11: Marsh | K11: =IF(G11>400000,"VIP", IF(G11>370000,"Premium", "Standard")) -> Standard

Sheet 03_Business_Insights
A1: Customer Name | B1: Transaction Volume
A2: ='02_Data_Preparation'!B2 -> Joseph Martinez | B2: ='02_Data_Preparation'!G2 -> 448129.25
A3: ='02_Data_Preparation'!B3 -> Erika Fischer | B3: ='02_Data_Preparation'!G3 -> 399596.41
A4: ='02_Data_Preparation'!B4 -> Lisa Silva | B4: ='02_Data_Preparation'!G4 -> 381630.08
A5: ='02_Data_Preparation'!B5 -> Emma Franklin | B5: ='02_Data_Preparation'!G5 -> 369434.86
A6: ='02_Data_Preparation'!B6 -> James Bryant | B6: ='02_Data_Preparation'!G6 -> 366989.68
A7: ='02_Data_Preparation'!B7 -> Sandra Terry | B7: ='02_Data_Preparation'!G7 -> 366914.87
A8: ='02_Data_Preparation'!B8 -> Keith Bautista | B8: ='02_Data_Preparation'!G8 -> 366292.52
A9: ='02_Data_Preparation'!B9 -> Bobby Wagner | B9: ='02_Data_Preparation'!G9 -> 359580.48
A10: ='02_Data_Preparation'!B10 -> Jeanette Jenkins | B10: ='02_Data_Preparation'!G10 -> 359371.49
A11: ='02_Data_Preparation'!B11 -> Allison Marsh | B11: ='02_Data_Preparation'!G11 -> 356854.03
A12: ='02_Data_Preparation'!B12
